Patient ID,Name,Date of Birth,Gender,Contact Information,Email,Blood Type,Password,loginCount
P1001,Alice Brown,1980-5-14,F,99999999,abc@123.com,A+,123,14
P1002,Bob Stone,1975-11-22,M,92345678,bob.stone@example.com,B+,123,2
P1003,Charlie White,1990-7-8,M,93456789,charlie.white@example.com,O-,123,2
P1008,qwer,2024-12-12,M,12345678,wqer@qwqer.com,A+,123,2
P0001,a,0909-09-09,M,99999999,1@1.com,A+,password,0
P0001,a,0909-09-09,M,99999999,1@1.com,A+,password,0
P0002,0,0909-09-09,F,88888888,2@2.com,A-,password,0
P0003,nigg,0909-09-09,F,89898989,3@3.com,A+,password,0
P0004,2,0909-09-09,F,98989898,4@4.com,A+,password,0
P0004,2,0909-09-09,F,98989898,4@4.com,A+,password,0
P0005,gay,0909-09-09,F,81283333,2@2.com,A-,password,0
